﻿pos_x,pos_y,rotation,side,designator,mpn,pack,footprint,value,mount_type
43.06,-33.02,0.0,top,J1,,,CONN_B4B-XH-A_JST,B4B-XH-A,tht
84.7,-33.02,0.0,top,J1,,,CONN_B4B-XH-A_JST,B4B-XH-A,tht
105.52,-33.02,0.0,top,J1,,,CONN_B4B-XH-A_JST,B4B-XH-A,tht
63.88,-33.02,0.0,top,J1,,,CONN_B4B-XH-A_JST,B4B-XH-A,tht
43.06,-43.18,0.0,top,J2,,,CONN_B4B-XH-A_JST,B4B-XH-A,tht
63.88,-43.18,0.0,top,J2,,,CONN_B4B-XH-A_JST,B4B-XH-A,tht
84.7,-43.18,0.0,top,J2,,,CONN_B4B-XH-A_JST,B4B-XH-A,tht
105.52,-43.18,0.0,top,J2,,,CONN_B4B-XH-A_JST,B4B-XH-A,tht
43.06,-53.34,0.0,top,J3,,,CONN_B4B-XH-A_JST,B4B-XH-A,tht
105.52,-53.34,0.0,top,J3,,,CONN_B4B-XH-A_JST,B4B-XH-A,tht
84.7,-53.34,0.0,top,J3,,,CONN_B4B-XH-A_JST,B4B-XH-A,tht
63.88,-53.34,0.0,top,J3,,,CONN_B4B-XH-A_JST,B4B-XH-A,tht
43.06,-63.5,0.0,top,J4,,,CONN_B4B-XH-A_JST,B4B-XH-A,tht
84.7,-63.5,0.0,top,J4,,,CONN_B4B-XH-A_JST,B4B-XH-A,tht
63.88,-63.5,0.0,top,J4,,,CONN_B4B-XH-A_JST,B4B-XH-A,tht
105.52,-63.5,0.0,top,J4,,,CONN_B4B-XH-A_JST,B4B-XH-A,tht
43.06,-73.66,0.0,top,J5,,,CONN_B4B-XH-A_JST,B4B-XH-A,tht
84.7,-73.66,0.0,top,J5,,,CONN_B4B-XH-A_JST,B4B-XH-A,tht
105.52,-73.66,0.0,top,J5,,,CONN_B4B-XH-A_JST,B4B-XH-A,tht
63.88,-73.66,0.0,top,J5,,,CONN_B4B-XH-A_JST,B4B-XH-A,tht
